<?xml version="1.0" encoding="utf-8"?>
<manifest identifier="BEE_-_Session_5" version="1.0" xmlns="http://www.imsproject.org/xsd/imscp_rootv1p1p2" xmlns:adlcp="http://www.adlnet.org/xsd/adlcp_rootv1p2" xmlns:xsi="http://www.w3.org/2001/XMLSchema-instance" xsi:schemaLocation="http://www.imsproject.org/xsd/imscp_rootv1p1p2 imscp_rootv1p1p2.xsd http://www.imsglobal.org/xsd/imsmd_rootv1p2p1 imsmd_rootv1p2p1.xsd http://www.adlnet.org/xsd/adlcp_rootv1p2 adlcp_rootv1p2.xsd">
  <metadata>
    <schema>ADL SCORM</schema>
    <schemaversion>1.2</schemaversion>
    <lom xmlns="http://www.imsglobal.org/xsd/imsmd_rootv1p2p1" xmlns:xsi="http://www.w3.org/2001/XMLSchema-instance" xsi:schemaLocation="http://www.imsglobal.org/xsd/imsmd_rootv1p2p1 imsmd_rootv1p2p1.xsd">
      <general>
        <title>
          <langstring xml:lang="x-none">Managing, Leading and Developing People ? Session 2</langstring>
        </title>
      </general>
      <lifecycle>
        <version>
          <langstring xml:lang="x-none">1</langstring>
        </version>
        <status>
          <source>
            <langstring xml:lang="x-none">LOMv1.0</langstring>
          </source>
          <value>
            <langstring xml:lang="x-none">Final</langstring>
          </value>
        </status>
      </lifecycle>
      <metametadata>
        <metadatascheme>ADL SCORM 1.2</metadatascheme>
      </metametadata>
      <educational>
        <typicallearningtime>
          <datetime>PT0H0M0S</datetime>
        </typicallearningtime>
      </educational>
      <rights>
        <cost>
          <source>
            <langstring xml:lang="x-none">LOMv1.0</langstring>
          </source>
          <value>
            <langstring xml:lang="x-none">yes</langstring>
          </value>
        </cost>
        <copyrightandotherrestrictions>
          <source>
            <langstring xml:lang="x-none">LOMv1.0</langstring>
          </source>
          <value>
            <langstring xml:lang="x-none">yes</langstring>
          </value>
        </copyrightandotherrestrictions>
      </rights>
    </lom>
  </metadata>
  <organizations default="Managing,_Leading_and_Developing_People_?_Session_2_ORG">
    <organization identifier="Managing,_Leading_and_Developing_People_?_Session_2_ORG">
      <title>Managing, Leading and Developing People ? Session 2</title>
      <item identifier="Managing,_Leading_and_Developing_People_?_Session_2_SCO" isvisible="true" identifierref="_BEE_-_Session_5_RES">
        <title>Managing, Leading and Developing People ? Session 2</title>
        <adlcp:masteryscore>80</adlcp:masteryscore>
      </item>
    </organization>
  </organizations>
  <resources>
    <resource identifier="_BEE_-_Session_5_RES" type="webcontent" href="index_lms.html" adlcp:scormtype="sco">
      <file href="presentation_content/Select_22050_48.mp3" />
      <file href="presentation_content/ZoomOpen_22050_48.mp3" />
      <file href="presentation_content/ZoomClose_22050_48.mp3" />
      <file href="presentation_content/txt__default_5jaoRJgKVhs.swf" />
      <file href="presentation_content/txt__default_5qeaF00qu11.swf" />
      <file href="presentation_content/txt__default_5sjH3V8qmtz.swf" />
      <file href="presentation_content/txt__default_6E9Azlb388f.swf" />
      <file href="presentation_content/txt__default_6AHqfMMmEPD.swf" />
      <file href="presentation_content/txt__default_6kI2m16Hh6m.swf" />
      <file href="presentation_content/txt__default_6M1tfuY9xEm.swf" />
      <file href="presentation_content/txt__default_6aoMFnzNq78.swf" />
      <file href="presentation_content/txt__default_6JwiraQeNzq.swf" />
      <file href="presentation_content/txt__default_6gwxGK8cS8b.swf" />
      <file href="presentation_content/txt__default_6pH8adpkU0n.swf" />
      <file href="presentation_content/txt__default_6ooZhve5TTD.swf" />
      <file href="presentation_content/txt__default_6VzGINNInBp.swf" />
      <file href="presentation_content/txt__default_6F7gjMNl9Ec.swf" />
      <file href="presentation_content/txt__default_68bbenfqOt2.swf" />
      <file href="presentation_content/txt__default_60cmxjGy8vi.swf" />
      <file href="presentation_content/txt__default_6AWj2TvzU9I.swf" />
      <file href="presentation_content/txt__default_634pxc6YHdk.swf" />
      <file href="presentation_content/txt__default_6OWWEYchPsz.swf" />
      <file href="presentation_content/txt__default_6dHxP0HLVTQ.swf" />
      <file href="presentation_content/txt__default_6WLcfh4YUy4.swf" />
      <file href="presentation_content/txt__default_6i8RUvTLzEj.swf" />
      <file href="presentation_content/txt__default_601k41qWOrx.swf" />
      <file href="presentation_content/txt__default_5mj4F5F6TmB.swf" />
      <file href="presentation_content/txt__default_5UwtpBauy3R.swf" />
      <file href="presentation_content/txt__default_6rcJLiKcrhb.swf" />
      <file href="presentation_content/txt__default_6InH7DcZuQX.swf" />
      <file href="presentation_content/61fcCkfKtjE_None_266106_DX532_DY532.jpg" />
      <file href="mobile/61fcCkfKtjE_None_266106_DX532_DY532_CX266_CY106.jpg" />
      <file href="presentation_content/thumbnail.jpg" />
      <file href="presentation_content/6aGSFd6pX5E_5i38Urcs3gw_80_DX1440_DY1440.swf" />
      <file href="mobile/6aGSFd6pX5E_5i38Urcs3gw_80_DX1440_DY1440_CX720_CY540.png" />
      <file href="presentation_content/6aGSFd6pX5E_sl258shp10_80_DX1372_DY1372.swf" />
      <file href="mobile/6aGSFd6pX5E_sl258shp10_80_DX1372_DY1372_CX686_CY41.png" />
      <file href="presentation_content/6aGSFd6pX5E_sl393shp10_80_DX1372_DY1372.swf" />
      <file href="mobile/6aGSFd6pX5E_sl393shp10_80_DX1372_DY1372_CX686_CY40.png" />
      <file href="presentation_content/6aGSFd6pX5E_6abs3rdixee_80_DX600_DY600.swf" />
      <file href="mobile/6aGSFd6pX5E_6abs3rdixee_80_DX600_DY600_CX300_CY225.png" />
      <file href="presentation_content/6aGSFd6pX5E_sl271shp9_80_DX1372_DY1372.swf" />
      <file href="mobile/6aGSFd6pX5E_sl271shp9_80_DX1372_DY1372_CX686_CY40.png" />
      <file href="presentation_content/6aGSFd6pX5E_sl272shp5_80_DX1372_DY1372.swf" />
      <file href="mobile/6aGSFd6pX5E_sl272shp5_80_DX1372_DY1372_CX686_CY40.png" />
      <file href="presentation_content/6aGSFd6pX5E_5jsD5pAEdbO_80_DX600_DY600.swf" />
      <file href="mobile/6aGSFd6pX5E_5jsD5pAEdbO_80_DX600_DY600_CX300_CY200.png" />
      <file href="presentation_content/6aGSFd6pX5E_sl273shp5_80_DX1372_DY1372.swf" />
      <file href="mobile/6aGSFd6pX5E_sl273shp5_80_DX1372_DY1372_CX686_CY40.png" />
      <file href="presentation_content/6aGSFd6pX5E_sl274shp5_80_DX1372_DY1372.swf" />
      <file href="mobile/6aGSFd6pX5E_sl274shp5_80_DX1372_DY1372_CX686_CY40.png" />
      <file href="presentation_content/6aGSFd6pX5E_5nHklYhUg12_80_DX600_DY600.swf" />
      <file href="mobile/6aGSFd6pX5E_5nHklYhUg12_80_DX600_DY600_CX300_CY225.png" />
      <file href="presentation_content/6aGSFd6pX5E_sl275shp5_80_DX1372_DY1372.swf" />
      <file href="mobile/6aGSFd6pX5E_sl275shp5_80_DX1372_DY1372_CX686_CY40.png" />
      <file href="meta.xml" />
      <file href="mobile/5dnZDzNnbMC.jpg" />
      <file href="presentation_content/logo.swf" />
      <file href="presentation_content/frame.xml" />
      <file href="presentation_content/frame.js" />
      <file href="presentation_content/user.js" />
      <file href="presentation_unsupported.html" />
      <file href="mobile/txt__default_5jaoRJgKVhs.png" />
      <file href="mobile/txt__default_5qeaF00qu11.png" />
      <file href="mobile/txt__default_5sjH3V8qmtz.png" />
      <file href="mobile/txt__default_6E9Azlb388f.png" />
      <file href="mobile/txt__default_6AHqfMMmEPD.png" />
      <file href="mobile/txt__default_6kI2m16Hh6m.png" />
      <file href="mobile/txt__default_6M1tfuY9xEm.png" />
      <file href="mobile/txt__default_6aoMFnzNq78.png" />
      <file href="mobile/txt__default_6JwiraQeNzq.png" />
      <file href="mobile/txt__default_6gwxGK8cS8b.png" />
      <file href="mobile/txt__default_6pH8adpkU0n.png" />
      <file href="mobile/txt__default_6ooZhve5TTD.png" />
      <file href="mobile/txt__default_6VzGINNInBp.png" />
      <file href="mobile/txt__default_6F7gjMNl9Ec.png" />
      <file href="mobile/txt__default_68bbenfqOt2.png" />
      <file href="mobile/txt__default_60cmxjGy8vi.png" />
      <file href="mobile/txt__default_6AWj2TvzU9I.png" />
      <file href="mobile/txt__default_634pxc6YHdk.png" />
      <file href="mobile/txt__default_6OWWEYchPsz.png" />
      <file href="mobile/txt__default_6dHxP0HLVTQ.png" />
      <file href="mobile/txt__default_6WLcfh4YUy4.png" />
      <file href="mobile/txt__default_6i8RUvTLzEj.png" />
      <file href="mobile/txt__default_601k41qWOrx.png" />
      <file href="mobile/txt__default_5mj4F5F6TmB.png" />
      <file href="mobile/txt__default_5UwtpBauy3R.png" />
      <file href="mobile/txt__default_6rcJLiKcrhb.png" />
      <file href="mobile/txt__default_6InH7DcZuQX.png" />
      <file href="mobile/Slide6aGSFd6pX5E_d1sm.jpg" />
      <file href="mobile/app_store.png" />
      <file href="mobile/linen_background.jpg" />
      <file href="mobile/mobile_icon.png" />
      <file href="mobile/player.css" />
      <file href="mobile/player_compiled.js" />
      <file href="presentation_content/fonts.swf" />
      <file href="mobile/fonts.js" />
      <file href="presentation.swf" />
      <file href="presentation_content/frame.swf" />
      <file href="presentation_content/slides/6d5OMJfUOxp.swf" />
      <file href="mobile/slides/6d5OMJfUOxp.js" />
      <file href="presentation_content/slides/66XE57sFMnv.swf" />
      <file href="mobile/slides/66XE57sFMnv.js" />
      <file href="presentation_content/slides/6bhfgfWplLn.swf" />
      <file href="mobile/slides/6bhfgfWplLn.js" />
      <file href="presentation_content/slides/653U1UFcw9V.swf" />
      <file href="mobile/slides/653U1UFcw9V.js" />
      <file href="presentation_content/slides/5tXI9Eut7oU.swf" />
      <file href="mobile/slides/5tXI9Eut7oU.js" />
      <file href="presentation_content/slides/63EZQFj6UyE.swf" />
      <file href="mobile/slides/63EZQFj6UyE.js" />
      <file href="presentation_content/slides/6BO9aKKBFyQ.swf" />
      <file href="mobile/slides/6BO9aKKBFyQ.js" />
      <file href="presentation_content/slides/69gUYqiZQUB.swf" />
      <file href="mobile/slides/69gUYqiZQUB.js" />
      <file href="presentation_content/slides/6TZsOFHZpZH.swf" />
      <file href="mobile/slides/6TZsOFHZpZH.js" />
      <file href="presentation_content/slides/6geu9d01C0O.swf" />
      <file href="mobile/slides/6geu9d01C0O.js" />
      <file href="presentation_content/slides/5uyp1AToaeJ.swf" />
      <file href="mobile/slides/5uyp1AToaeJ.js" />
      <file href="presentation_content/slides/5qFK704Mof5.swf" />
      <file href="mobile/slides/5qFK704Mof5.js" />
      <file href="presentation_content/slides/5rXL0YYwbEe.swf" />
      <file href="mobile/slides/5rXL0YYwbEe.js" />
      <file href="presentation_content/slides/6TZsOFHZpZH2.swf" />
      <file href="mobile/slides/6TZsOFHZpZH2.js" />
      <file href="presentation_content/slides/6geu9d01C0O2.swf" />
      <file href="mobile/slides/6geu9d01C0O2.js" />
      <file href="presentation_content/slides/5uyp1AToaeJ2.swf" />
      <file href="mobile/slides/5uyp1AToaeJ2.js" />
      <file href="presentation_content/slides/6b4Ra5lXuwP.swf" />
      <file href="mobile/slides/6b4Ra5lXuwP.js" />
      <file href="presentation_content/slides/5qFK704Mof52.swf" />
      <file href="mobile/slides/5qFK704Mof52.js" />
      <file href="presentation_content/slides/6TZsOFHZpZH3.swf" />
      <file href="mobile/slides/6TZsOFHZpZH3.js" />
      <file href="presentation_content/slides/6geu9d01C0O3.swf" />
      <file href="mobile/slides/6geu9d01C0O3.js" />
      <file href="presentation_content/slides/5uyp1AToaeJ3.swf" />
      <file href="mobile/slides/5uyp1AToaeJ3.js" />
      <file href="presentation_content/slides/5ct9uVVSF1L.swf" />
      <file href="mobile/slides/5ct9uVVSF1L.js" />
      <file href="presentation_content/slides/5rXL0YYwbEe2.swf" />
      <file href="mobile/slides/5rXL0YYwbEe2.js" />
      <file href="presentation_content/slides/5rh2y3bTpcl.swf" />
      <file href="mobile/slides/5rh2y3bTpcl.js" />
      <file href="presentation_content/slides/6hswBW1uH4C.swf" />
      <file href="mobile/slides/6hswBW1uH4C.js" />
      <file href="presentation_content/slides/6hlXsQqxfA7.swf" />
      <file href="mobile/slides/6hlXsQqxfA7.js" />
      <file href="presentation_content/slides/5xH4GnCNehI.swf" />
      <file href="mobile/slides/5xH4GnCNehI.js" />
      <file href="presentation_content/slides/6Os5jidthRO.swf" />
      <file href="mobile/slides/6Os5jidthRO.js" />
      <file href="presentation_content/slides/5ywtpVy47DJ.swf" />
      <file href="mobile/slides/5ywtpVy47DJ.js" />
      <file href="presentation_content/slides/5YfZBJzV2Tx.swf" />
      <file href="mobile/slides/5YfZBJzV2Tx.js" />
      <file href="presentation_content/slides/6WI1WJkKBCJ.swf" />
      <file href="mobile/slides/6WI1WJkKBCJ.js" />
      <file href="presentation_content/slides/6CwbIhhBFKS.swf" />
      <file href="mobile/slides/6CwbIhhBFKS.js" />
      <file href="presentation_content/slides/6ImNH2XOz6U.swf" />
      <file href="mobile/slides/6ImNH2XOz6U.js" />
      <file href="presentation_content/slides/6n0D7e4lWFD.swf" />
      <file href="mobile/slides/6n0D7e4lWFD.js" />
      <file href="presentation_content/slides/6ptccjHP4aK.swf" />
      <file href="mobile/slides/6ptccjHP4aK.js" />
      <file href="presentation_content/slides/6dJeh8rtbIy.swf" />
      <file href="mobile/slides/6dJeh8rtbIy.js" />
      <file href="presentation_content/slides/6M5XUoDIsnU.swf" />
      <file href="mobile/slides/6M5XUoDIsnU.js" />
      <file href="presentation_content/slides/5rcZHVKP1wh.swf" />
      <file href="mobile/slides/5rcZHVKP1wh.js" />
      <file href="presentation_content/slides/5rh2y3bTpcl2.swf" />
      <file href="mobile/slides/5rh2y3bTpcl2.js" />
      <file href="presentation_content/slides/6hswBW1uH4C2.swf" />
      <file href="mobile/slides/6hswBW1uH4C2.js" />
      <file href="presentation_content/slides/6hlXsQqxfA72.swf" />
      <file href="mobile/slides/6hlXsQqxfA72.js" />
      <file href="presentation_content/slides/5xH4GnCNehI2.swf" />
      <file href="mobile/slides/5xH4GnCNehI2.js" />
      <file href="presentation_content/slides/6Os5jidthRO2.swf" />
      <file href="mobile/slides/6Os5jidthRO2.js" />
      <file href="presentation_content/slides/5ywtpVy47DJ2.swf" />
      <file href="mobile/slides/5ywtpVy47DJ2.js" />
      <file href="presentation_content/slides/5YfZBJzV2Tx2.swf" />
      <file href="mobile/slides/5YfZBJzV2Tx2.js" />
      <file href="presentation_content/slides/6WI1WJkKBCJ2.swf" />
      <file href="mobile/slides/6WI1WJkKBCJ2.js" />
      <file href="presentation_content/slides/6CwbIhhBFKS2.swf" />
      <file href="mobile/slides/6CwbIhhBFKS2.js" />
      <file href="presentation_content/slides/6ImNH2XOz6U2.swf" />
      <file href="mobile/slides/6ImNH2XOz6U2.js" />
      <file href="presentation_content/slides/6n0D7e4lWFD2.swf" />
      <file href="mobile/slides/6n0D7e4lWFD2.js" />
      <file href="presentation_content/slides/6ptccjHP4aK2.swf" />
      <file href="mobile/slides/6ptccjHP4aK2.js" />
      <file href="presentation_content/slides/6dJeh8rtbIy2.swf" />
      <file href="mobile/slides/6dJeh8rtbIy2.js" />
      <file href="presentation_content/slides/6M5XUoDIsnU2.swf" />
      <file href="mobile/slides/6M5XUoDIsnU2.js" />
      <file href="presentation_content/slides/5rcZHVKP1wh2.swf" />
      <file href="mobile/slides/5rcZHVKP1wh2.js" />
      <file href="presentation_content/slides/6TPhVX66LJM5.swf" />
      <file href="mobile/slides/6TPhVX66LJM5.js" />
      <file href="presentation_content/slides/6TPhVX66LJM9.swf" />
      <file href="mobile/slides/6TPhVX66LJM9.js" />
      <file href="presentation_content/slides/6TPhVX66LJM13.swf" />
      <file href="mobile/slides/6TPhVX66LJM13.js" />
      <file href="presentation_content/data.swf" />
      <file href="mobile/data.js" />
      <file href="mobile/masks.js" />
      <file href="presentation.html" />
      <file href="presentation_html5.html" />
      <file href="index_lms_html5.html" />
      <file href="presentation_content/blank.html" />
      <file href="presentation_content/presentation.js" />
      <file href="index_lms.html" />
      <file href="lms/AICCComm.html" />
      <file href="lms/AICCFunctions.js" />
      <file href="lms/API.js" />
      <file href="lms/APIConstants.js" />
      <file href="lms/blank.html" />
      <file href="lms/browsersniff.js" />
      <file href="lms/Configuration.js" />
      <file href="lms/goodbye.html" />
      <file href="lms/lms.js" />
      <file href="lms/LMSAPI.js" />
      <file href="lms/NONEFunctions.js" />
      <file href="lms/SCORM2004Functions.js" />
      <file href="lms/SCORMFunctions.js" />
      <file href="lms/UtilityFunctions.js" />
    </resource>
  </resources>
</manifest>